/catalog/unitazy-i-bide/unitazy/filter/san_montazh-is-подвесной/apply/ ;/catalog/unitazy-i-bide/unitazy/podvesnye/;301;Y
/catalog/unitazy-i-bide/unitazy/podvesnye/filter/san_montazh-is-подвесной/apply/;/catalog/unitazy-i-bide/unitazy/podvesnye/;301;Y
/catalog/unitazy-i-bide/unitazy/filter/san_montazh-is-напольный/apply/;/catalog/unitazy-i-bide/unitazy/napolnye/;301;Y
/catalog/unitazy-i-bide/unitazy/napolnye/filter/san_montazh-is-напольный/apply/;/catalog/unitazy-i-bide/unitazy/napolnye/;301;Y
/catalog/unitazy-i-bide/unitazy/s-funktsiey-bide/filter/san_funktsiya_bide-is-есть%2c%20уже%20установлена/apply/;/catalog/unitazy-i-bide/unitazy/s-funktsiey-bide/;301;Y
/catalog/unitazy-i-bide/unitazy/filter/san_funktsiya_bide-is-есть%2c%20уже%20установлена/apply/;/catalog/unitazy-i-bide/unitazy/s-funktsiey-bide/;301;Y
/catalog/unitazy-i-bide/unitazy/bezobodkovye/filter/san_bezobodkovyy-is-да/apply/;/catalog/unitazy-i-bide/unitazy/bezobodkovye/;301;Y
/catalog/unitazy-i-bide/unitazy/filter/san_bezobodkovyy-is-да/apply/;/catalog/unitazy-i-bide/unitazy/bezobodkovye/;301;Y
/catalog/unitazy-i-bide/unitazy/chyernye/filter/colors_ref-is-black/apply/;/catalog/unitazy-i-bide/unitazy/chyernye/;301;Y
/catalog/unitazy-i-bide/unitazy/filter/colors_ref-is-black/apply/;/catalog/unitazy-i-bide/unitazy/chyernye/;301;Y
/catalog/unitazy-i-bide/unitazy/pristavnye/filter/san_montazh-is-приставной/apply/;/catalog/unitazy-i-bide/unitazy/pristavnye/;301;Y
/catalog/unitazy-i-bide/unitazy/filter/san_montazh-is-приставной/apply/;/catalog/unitazy-i-bide/unitazy/pristavnye/;301;Y
/catalog/unitazy-i-bide/unitazy/zolotye/filter/colors_ref-is-zoloto/apply/;/catalog/unitazy-i-bide/unitazy/zolotye/;301;Y
/catalog/unitazy-i-bide/unitazy/filter/colors_ref-is-zoloto/apply/;/catalog/unitazy-i-bide/unitazy/zolotye/;301;Y
/catalog/unitazy-i-bide/unitazy/s-vertikalnym-vypuskom/filter/san_napravlenie_vypuska-is-вертикальное%20%28в%20пол%29/apply/;/catalog/unitazy-i-bide/unitazy/s-vertikalnym-vypuskom/;301;Y
/catalog/unitazy-i-bide/unitazy/filter/san_napravlenie_vypuska-is-вертикальное%20%28в%20пол%29/apply/;/catalog/unitazy-i-bide/unitazy/s-vertikalnym-vypuskom/;301;Y
/catalog/unitazy-i-bide/unitazy/s-kosym-vypuskom/filter/san_napravlenie_vypuska-is-косое%20%28под%20углом%29/apply/;/catalog/unitazy-i-bide/unitazy/s-kosym-vypuskom/;301;Y
/catalog/unitazy-i-bide/unitazy/filter/san_napravlenie_vypuska-is-косое%20%28под%20углом%29/apply/;/catalog/unitazy-i-bide/unitazy/s-kosym-vypuskom/;301;Y
/catalog/unitazy-i-bide/unitazy/retro/filter/san_stilistika_dizayna-is-4f80d15810112d5713ad2bae0c9d9d36/apply/;/catalog/unitazy-i-bide/unitazy/retro/;301;Y
/catalog/unitazy-i-bide/unitazy/filter/san_stilistika_dizayna-is-4f80d15810112d5713ad2bae0c9d9d36/apply/;/catalog/unitazy-i-bide/unitazy/retro/;301;Y
/catalog/unitazy-i-bide/bide/napolniey/filter/san_tip_unitaza-is-напольные/apply/;/catalog/unitazy-i-bide/bide/napolniey/;301;Y
/catalog/unitazy-i-bide/bide/filter/san_tip_unitaza-is-напольные/apply/;/catalog/unitazy-i-bide/bide/napolniey/;301;Y
/catalog/unitazy-i-bide/bide/podvesniye/filter/san_montazh-is-подвесной/apply/;/catalog/unitazy-i-bide/bide/podvesniye/;301;Y
/catalog/unitazy-i-bide/bide/filter/san_montazh-is-подвесной/apply/;/catalog/unitazy-i-bide/bide/podvesniye/;301;Y
/catalog/unitazy-i-bide/bide/cherniey/filter/colors_ref-is-black/apply/;/catalog/unitazy-i-bide/bide/cherniey/;301;Y
/catalog/unitazy-i-bide/bide/filter/colors_ref-is-black/apply/;/catalog/unitazy-i-bide/bide/cherniey/;301;Y
/catalog/smesiteli1/dlya-bide1/belye/filter/colors_ref-is-white/apply/;/catalog/smesiteli1/dlya-bide1/belye/;301;Y
/catalog/smesiteli1/dlya-bide1/filter/colors_ref-is-white/apply/;/catalog/smesiteli1/dlya-bide1/belye/;301;Y
/catalog/smesiteli1/dlya-bide1/chernye/filter/colors_ref-is-black/apply/;/catalog/smesiteli1/dlya-bide1/chernye/;301;Y
/catalog/smesiteli1/dlya-bide1/filter/colors_ref-is-black/apply/;/catalog/smesiteli1/dlya-bide1/chernye/;301;Y
/catalog/smesiteli1/dlya-dusha/belie/filter/colors_ref-is-white/apply/;/catalog/smesiteli1/dlya-dusha/belie/;301;Y
/catalog/smesiteli1/dlya-dusha/filter/colors_ref-is-white/apply/;/catalog/smesiteli1/dlya-dusha/belie/;301;Y
/catalog/smesiteli1/dlya-dusha/vstraivaemye/filter/san_vstraivaemaya_sistema-is-да/apply/;/catalog/smesiteli1/dlya-dusha/vstraivaemye/;301;Y
/catalog/smesiteli1/dlya-dusha/filter/san_vstraivaemaya_sistema-is-да/apply/;/catalog/smesiteli1/dlya-dusha/vstraivaemye/;301;Y
/catalog/smesiteli1/dlya-dusha/odnorychazhnye/filter/san_upravlenie-is-однорычажное/apply/;/catalog/smesiteli1/dlya-dusha/odnorychazhnye/;301;Y
/catalog/smesiteli1/dlya-dusha/filter/san_upravlenie-is-однорычажное/apply/;/catalog/smesiteli1/dlya-dusha/odnorychazhnye/;301;Y
/catalog/smesiteli1/dlya-dusha/chernie/filter/colors_ref-is-black/apply/;/catalog/smesiteli1/dlya-dusha/chernie/;301;Y
/catalog/smesiteli1/dlya-dusha/filter/colors_ref-is-black/apply/;/catalog/smesiteli1/dlya-dusha/chernie/;301;Y
/catalog/smesiteli1/dlya-rakoviny/smesiteli-belie/filter/colors_ref-is-white/apply/;/catalog/smesiteli1/dlya-rakoviny/smesiteli-belie/;301;Y
/catalog/smesiteli1/dlya-rakoviny/filter/colors_ref-is-white/apply/;/catalog/smesiteli1/dlya-rakoviny/smesiteli-belie/;301;Y
/catalog/smesiteli1/dlya-rakoviny/cherniy/filter/colors_ref-is-black/apply/;/catalog/smesiteli1/dlya-rakoviny/cherniy/;301;Y
/catalog/smesiteli1/dlya-rakoviny/filter/colors_ref-is-black/apply/;/catalog/smesiteli1/dlya-rakoviny/cherniy/;301;Y
/catalog/smesiteli1/dlya-rakoviny/bronzovie/filter/colors_ref-is-bronza/apply/;/catalog/smesiteli1/dlya-rakoviny/bronzovie/;301;Y
/catalog/smesiteli1/dlya-rakoviny/filter/colors_ref-is-bronza/apply/;/catalog/smesiteli1/dlya-rakoviny/bronzovie/;301;Y
/catalog/dushevye-kabiny-i-ograzhdeniya/dushevye-ograzhdeniya/dushevye-ugolki/cherniye/filter/san_tsvet_profilya-is-черный/apply/;/catalog/dushevye-kabiny-i-ograzhdeniya/dushevye-ograzhdeniya/dushevye-ugolki/cherniye/;301;Y
/catalog/dushevye-kabiny-i-ograzhdeniya/dushevye-ograzhdeniya/dushevye-ugolki/filter/san_tsvet_profilya-is-черный/apply/;/catalog/dushevye-kabiny-i-ograzhdeniya/dushevye-ograzhdeniya/dushevye-ugolki/cherniye/;301;Y
/catalog/kvadratnaya/filter/san_forma-is-квадратная/apply/;/catalog/kvadratnaya/;301;Y
/catalog/dushevye-kabiny-i-ograzhdeniya/dushevye-ograzhdeniya/dushevye-poddony/filter/san_forma-is-квадратная/apply/;/catalog/kvadratnaya/;301;Y
/catalog/pryamougolnaya-poddon/filter/san_forma-is-прямоугольная/apply/;/catalog/pryamougolnaya-poddon/;301;Y
/catalog/dushevye-kabiny-i-ograzhdeniya/dushevye-ograzhdeniya/dushevye-poddony/filter/san_forma-is-прямоугольная/apply/;/catalog/pryamougolnaya-poddon/;301;Y
/catalog/pryamougolnaya-asimmetrichnaya/filter/san_forma-is-прямоугольная-асимметричная/apply/;/catalog/pryamougolnaya-asimmetrichnaya/;301;Y
/catalog/dushevye-kabiny-i-ograzhdeniya/dushevye-ograzhdeniya/dushevye-poddony/filter/san_forma-is-прямоугольная-асимметричная/apply/;/catalog/pryamougolnaya-asimmetrichnaya/;301;Y
/catalog/pyatiugolnaya-poddon/filter/san_forma-is-пятиугольная/apply/;/catalog/pyatiugolnaya-poddon/;301;Y
/catalog/dushevye-kabiny-i-ograzhdeniya/dushevye-ograzhdeniya/dushevye-poddony/filter/san_forma-is-пятиугольная/apply/;/catalog/pyatiugolnaya-poddon/;301;Y
/catalog/chetvert-kruga-poddon/filter/san_forma-is-четверть%20круга/apply/;/catalog/chetvert-kruga-poddon/;301;Y
/catalog/dushevye-kabiny-i-ograzhdeniya/dushevye-ograzhdeniya/dushevye-poddony/filter/san_forma-is-четверть%20круга/apply/;/catalog/chetvert-kruga-poddon/;301;Y
/catalog/akril-poddon/filter/san_material_poddona-is-акрил/apply/;/catalog/akril-poddon/;301;Y
/catalog/dushevye-kabiny-i-ograzhdeniya/dushevye-ograzhdeniya/dushevye-poddony/filter/san_material_poddona-is-акрил/apply/;/catalog/akril-poddon/;301;Y
/catalog/iz-iskusstvennogo-kamnya/filter/san_material_poddona-is-искусственный%20камень/apply/;/catalog/iz-iskusstvennogo-kamnya/;301;Y
/catalog/dushevye-kabiny-i-ograzhdeniya/dushevye-ograzhdeniya/dushevye-poddony/filter/san_material_poddona-is-искусственный%20камень/apply/;/catalog/iz-iskusstvennogo-kamnya/;301;Y
/catalog/iskusstvennyy-mramor-poddon/filter/san_material_poddona-is-искусственный%20мрамор/apply/;/catalog/iskusstvennyy-mramor-poddon/;301;Y
/catalog/dushevye-kabiny-i-ograzhdeniya/dushevye-ograzhdeniya/dushevye-poddony/filter/san_material_poddona-is-искусственный%20мрамор/apply/;/catalog/iskusstvennyy-mramor-poddon/;301;Y
/catalog/keramika/filter/san_material_poddona-is-керамика/apply/;/catalog/keramika/;301;Y
/catalog/dushevye-kabiny-i-ograzhdeniya/dushevye-ograzhdeniya/dushevye-poddony/filter/san_material_poddona-is-керамика/apply/;/catalog/keramika/;301;Y
/catalog/stal/filter/san_material_poddona-is-сталь/apply/;/catalog/stal/;301;Y
/catalog/dushevye-kabiny-i-ograzhdeniya/dushevye-ograzhdeniya/dushevye-poddony/filter/san_material_poddona-is-сталь/apply/;/catalog/stal/;301;Y
/catalog/vanny1/akrilovye-vanny/filter/prop25-is-akril/apply/;/catalog/vanny1/akrilovye-vanny/;301;Y
/catalog/vanny1/filter/prop25-is-akril/apply/;/catalog/vanny1/akrilovye-vanny/;301;Y
/catalog/vanny1/vanny-iz-iskusstvennogo-kamnya/filter/prop25-is-iskusstvennyy-kamen/apply/;/catalog/vanny1/vanny-iz-iskusstvennogo-kamnya/;301;Y
/catalog/vanny1/filter/prop25-is-iskusstvennyy-kamen/apply/;/catalog/vanny1/vanny-iz-iskusstvennogo-kamnya/;301;Y
/catalog/vanny1/stalnye-vanny/filter/prop25-is-stal/apply/;/catalog/vanny1/stalnye-vanny/;301;Y
/catalog/vanny1/filter/prop25-is-stal/apply/;/catalog/vanny1/stalnye-vanny/;301;Y
/catalog/vanny1/chugunnye-vanny/filter/prop25-is-chugun/apply/;/catalog/vanny1/chugunnye-vanny/;301;Y
/catalog/vanny1/filter/prop25-is-chugun/apply/;/catalog/vanny1/chugunnye-vanny/;301;Y
/catalog/mebel-dlya-vannoy-komnaty/tumby-pod-rakovinu/sancos/filter/brand-is-sancos/apply/;/catalog/mebel-dlya-vannoy-komnaty/tumby-pod-rakovinu/sancos/;301;Y
/catalog/mebel-dlya-vannoy-komnaty/tumby-pod-rakovinu/filter/brand-is-sancos/apply/;/catalog/mebel-dlya-vannoy-komnaty/tumby-pod-rakovinu/sancos/;301;Y
/catalog/mebel-dlya-vannoy-komnaty/tumby-pod-rakovinu/tumby-pod-rakovinu-aquanet/filter/brand-is-aquanet/apply/;/catalog/mebel-dlya-vannoy-komnaty/tumby-pod-rakovinu/tumby-pod-rakovinu-aquanet/;301;Y
/catalog/mebel-dlya-vannoy-komnaty/tumby-pod-rakovinu/filter/brand-is-aquanet/apply/;/catalog/mebel-dlya-vannoy-komnaty/tumby-pod-rakovinu/tumby-pod-rakovinu-aquanet/;301;Y
/catalog/mebel-dlya-vannoy-komnaty/mebel-dlya-vannoy-komnaty-aquaton/filter/brand-is-aquaton/apply/;/catalog/mebel-dlya-vannoy-komnaty/mebel-dlya-vannoy-komnaty-aquaton/;301;Y
/catalog/mebel-dlya-vannoy-komnaty/filter/brand-is-aquaton/apply/;/catalog/mebel-dlya-vannoy-komnaty/mebel-dlya-vannoy-komnaty-aquaton/;301;Y
/catalog/mebel-dlya-vannoy-komnaty/zerkala-shkafy/filter/san_vid_zerkala-is-зеркало%20со%20шкафом/apply/;/catalog/mebel-dlya-vannoy-komnaty/zerkala-shkafy/;301;Y
/catalog/mebel-dlya-vannoy-komnaty/filter/san_vid_zerkala-is-зеркало%20со%20шкафом/apply/;/catalog/mebel-dlya-vannoy-komnaty/zerkala-shkafy/;301;Y
/catalog/moyki-i-aksessuary/aksessuary-dlya-kukhonnykh-moek/kolandery/san_tip-is-коландер/;/catalog/moyki-i-aksessuary/aksessuary-dlya-kukhonnykh-moek/kolandery/;301;Y
/catalog/moyki-i-aksessuary/aksessuary-dlya-kukhonnykh-moek/san_tip-is-коландер/;/catalog/moyki-i-aksessuary/aksessuary-dlya-kukhonnykh-moek/kolandery/;301;Y
/catalog/moyki-i-aksessuary/aksessuary-dlya-kukhonnykh-moek/razdelochnye-doski/san_tip-is-доска%20разделочная/;/catalog/moyki-i-aksessuary/aksessuary-dlya-kukhonnykh-moek/razdelochnye-doski/;301;Y
/catalog/moyki-i-aksessuary/aksessuary-dlya-kukhonnykh-moek/san_tip-is-доска%20разделочная/;/catalog/moyki-i-aksessuary/aksessuary-dlya-kukhonnykh-moek/razdelochnye-doski/;301;Y
/catalog/aksessuary-dlya-vannoy-komnaty/shtory-i-karnizy/san_tip-is-штора%20для%20ванной/;/catalog/aksessuary-dlya-vannoy-komnaty/shtory-i-karnizy/shtory-dlya-vannoy/;301;Y
/catalog/aksessuary-dlya-vannoy-komnaty/shtory-i-karnizy/filter/san_tip-is-штора%20для%20ванной/apply/;/catalog/aksessuary-dlya-vannoy-komnaty/shtory-i-karnizy/shtory-dlya-vannoy/;301;Y
/catalog/aksessuary-dlya-vannoy-komnaty/kryuchki-dlya-vannoy/san_tip-is-крючок/;/catalog/aksessuary-dlya-vannoy-komnaty/kryuchki-dlya-vannoy/;301;Y
/catalog/aksessuary-dlya-vannoy-komnaty/san_tip-is-крючок/;/catalog/aksessuary-dlya-vannoy-komnaty/kryuchki-dlya-vannoy/;301;Y
/catalog/aksessuary-dlya-vannoy-komnaty/derzhatel-dlya-tual-bumagi/san_tip-is-бумагодержатель/;/catalog/aksessuary-dlya-vannoy-komnaty/derzhatel-dlya-tual-bumagi/;301;Y
/catalog/aksessuary-dlya-vannoy-komnaty/filter/san_tip-is-бумагодержатель/apply/;/catalog/aksessuary-dlya-vannoy-komnaty/derzhatel-dlya-tual-bumagi/;301;Y
/catalog/aksessuary-dlya-vannoy-komnaty/artwelle/brand-is-artwelle/;/catalog/aksessuary-dlya-vannoy-komnaty/artwelle/;301;Y
/catalog/aksessuary-dlya-vannoy-komnaty/filter/brand-is-artwelle/apply/;/catalog/aksessuary-dlya-vannoy-komnaty/artwelle/;301;Y
/catalog/aksessuary-dlya-vannoy-komnaty/bemeta/brand-is-bemeta/;/catalog/aksessuary-dlya-vannoy-komnaty/bemeta/;301;Y
/catalog/aksessuary-dlya-vannoy-komnaty/filter/brand-is-bemeta/apply/;/catalog/aksessuary-dlya-vannoy-komnaty/bemeta/;301;Y
/catalog/aksessuary-dlya-vannoy-komnaty/ershiki/filter/san_tip-is-ершик/apply/;/catalog/aksessuary-dlya-vannoy-komnaty/ershiki/;301;Y
/catalog/aksessuary-dlya-vannoy-komnaty/filter/san_tip-is-ершик/apply/;/catalog/aksessuary-dlya-vannoy-komnaty/ershiki/;301;Y
/catalog/aksessuary-dlya-vannoy-komnaty/mylnitsy/filter/san_tip-is-мыльница/apply/;/catalog/aksessuary-dlya-vannoy-komnaty/mylnitsy/;301;Y
/catalog/aksessuary-dlya-vannoy-komnaty/filter/san_tip-is-мыльница/apply/;/catalog/aksessuary-dlya-vannoy-komnaty/mylnitsy/;301;Y
/catalog/aksessuary-dlya-vannoy-komnaty/stremyanki/filter/san_tip-is-стремянка/apply/;/catalog/aksessuary-dlya-vannoy-komnaty/stremyanki/;301;Y
/catalog/aksessuary-dlya-vannoy-komnaty/filter/san_tip-is-стремянка/apply/;/catalog/aksessuary-dlya-vannoy-komnaty/stremyanki/;301;Y
/catalog/aksessuary-dlya-vannoy-komnaty/stakany/filter/san_tip-is-стакан/apply/;/catalog/aksessuary-dlya-vannoy-komnaty/stakany/;301;Y
/catalog/aksessuary-dlya-vannoy-komnaty/filter/san_tip-is-стакан/apply/;/catalog/aksessuary-dlya-vannoy-komnaty/stakany/;301;Y
/catalog/aksessuary-dlya-vannoy-komnaty/sidenya/filter/san_tip-is-сиденья/apply/;/catalog/aksessuary-dlya-vannoy-komnaty/sidenya/;301;Y
/catalog/aksessuary-dlya-vannoy-komnaty/filter/san_tip-is-сиденья/apply/;/catalog/aksessuary-dlya-vannoy-komnaty/sidenya/;301;Y
/catalog/dush/gigienicheskiy-dush/gigienicheskij-dush-grohe/filter/brand-is-grohe/apply/;/catalog/dush/gigienicheskiy-dush/gigienicheskij-dush-grohe/;301;Y
/catalog/dush/gigienicheskiy-dush/filter/brand-is-grohe/apply/;/catalog/dush/gigienicheskiy-dush/gigienicheskij-dush-grohe/;301;Y
/catalog/dush/chernyy/filter/colors_ref-is-black/apply/;/catalog/dush/chernyy/;301;Y
/catalog/dush/filter/colors_ref-is-black/apply/;/catalog/dush/chernyy/;301;Y
/catalog/dush/dushevoy-garnitur/dushevoy-garnitur-hansgrohe/filter/brand-is-hansgrohe/apply/;/catalog/dush/dushevoy-garnitur/dushevoy-garnitur-hansgrohe/;301;Y
/catalog/dush/dushevoy-garnitur/filter/brand-is-hansgrohe/apply/;/catalog/dush/dushevoy-garnitur/dushevoy-garnitur-hansgrohe/;301;Y
/catalog/dush/dushevoy-garnitur/dushevoj-garnitur-cherniy/filter/colors_ref-is-black/apply/;/catalog/dush/dushevoy-garnitur/dushevoj-garnitur-cherniy/;301;Y
/catalog/dush/dushevoy-garnitur/filter/colors_ref-is-black/apply/;/catalog/dush/dushevoy-garnitur/dushevoj-garnitur-cherniy/;301;Y
/catalog/dush/vstraivaemye-dushevye-sistemy/verkhniy-dush/filter/san_tip-is-верхний%20душ/apply/;/catalog/dush/vstraivaemye-dushevye-sistemy/verkhniy-dush/;301;Y
/catalog/dush/vstraivaemye-dushevye-sistemy/filter/san_tip-is-верхний%20душ/apply/;/catalog/dush/vstraivaemye-dushevye-sistemy/verkhniy-dush/;301;Y
/catalog/dush/vstraivaemye-dushevye-sistemy/dushevye-kronshteyny/filter/san_tip-is-кронштейн/apply/;/catalog/dush/vstraivaemye-dushevye-sistemy/dushevye-kronshteyny/;301;Y
/catalog/dush/vstraivaemye-dushevye-sistemy/filter/san_tip-is-кронштейн/apply/;/catalog/dush/vstraivaemye-dushevye-sistemy/dushevye-kronshteyny/;301;Y
/catalog/installyatsii1/knopki-smyva/knopki-smyva-grohe/filter/brand-is-grohe/apply/;/catalog/installyatsii1/knopki-smyva/knopki-smyva-grohe/;301;Y
/catalog/installyatsii1/knopki-smyva/filter/brand-is-grohe/apply/;/catalog/installyatsii1/knopki-smyva/knopki-smyva-grohe/;301;Y
/catalog/installyatsii1/knopki-smyva/knopki-smyva-geberit/filter/brand-is-geberit/apply/;/catalog/installyatsii1/knopki-smyva/knopki-smyva-geberit/;301;Y
/catalog/installyatsii1/knopki-smyva/filter/brand-is-geberit/apply/;/catalog/installyatsii1/knopki-smyva/knopki-smyva-geberit/;301;Y
/catalog/installyatsii1/knopki-smyva/filter/san_tip-is-кнопка%20смыва/apply/;/catalog/installyatsii1/knopki-smyva/;301;Y
/catalog/installyatsii1/filter/san_tip-is-кнопка%20смыва/apply/;/catalog/installyatsii1/knopki-smyva/;301;Y
/catalog/polotentsesushiteli1/elektricheskiye/sunrezha/filter/brand-is-сунержа/apply/;/catalog/polotentsesushiteli1/elektricheskiye/sunrezha/;301;Y
/catalog/polotentsesushiteli1/elektricheskiye/filter/brand-is-сунержа/apply/;/catalog/polotentsesushiteli1/elektricheskiye/sunrezha/;301;Y
/catalog/polotentsesushiteli1/elektricheskiye/point/filter/brand-is-point/apply/;/catalog/polotentsesushiteli1/elektricheskiye/point/;301;Y
/catalog/polotentsesushiteli1/elektricheskiye/filter/brand-is-point/apply/;/catalog/polotentsesushiteli1/elektricheskiye/point/;301;Y
/catalog/polotentsesushiteli1/vodyanoy/filter/san_tip-is-водяной/apply/;/catalog/polotentsesushiteli1/vodyanoy/;301;Y
/catalog/polotentsesushiteli1/filter/san_tip-is-водяной/apply/;/catalog/polotentsesushiteli1/vodyanoy/;301;Y
/catalog/polotentsesushiteli1/elektricheskiye/filter/san_tip-is-электрический/apply/;/catalog/polotentsesushiteli1/elektricheskiye/;301;Y
/catalog/polotentsesushiteli1/filter/san_tip-is-электрический/apply/;/catalog/polotentsesushiteli1/elektricheskiye/;301;Y
/catalog/rakoviny1/nakladnye-chasha/filter/san_tip-is-накладная/apply/;/catalog/rakoviny1/nakladnye-chasha/;301;Y
/catalog/rakoviny1/filter/san_tip-is-накладная/apply/;/catalog/rakoviny1/nakladnye-chasha/;301;Y
/catalog/rakoviny1/rakoviny-podvesnye/filter/san_tip-is-подвесная/apply/;/catalog/rakoviny1/rakoviny-podvesnye/;301;Y
/catalog/rakoviny1/filter/san_tip-is-подвесная/apply/;/catalog/rakoviny1/rakoviny-podvesnye/;301;Y
